{
  "n_subjects": 105,
  "icc_3_1": 0.8347389354618607,
  "pearson_r": 0.8558831019774698,
  "bias": -367.5596095238095,
  "bias_pct": -3.495115931230751,
  "rmse": 811.1993856096984,
  "wilcoxon_p": 3.7601959865770235e-06
}