diagnosis,n,mean_age,z_generated_mean,z_real_mean,z_diff_mean,correlation
AD,32,65.21875,-0.8454424587776563,-0.6307909480777831,-0.2146515106998732,0.8131402908823726
MCI,28,66.89285714285714,-0.533990652492112,-0.1448681223354454,-0.38912253015666665,0.8845811979193675
FTD,8,60.875,-0.8796681165267319,0.20665931243435498,-1.0863274289610871,0.957724437479733
DUBBIO,8,70.75,-0.897720309864906,-0.5839755108804552,-0.31374479898445096,0.6298846832524804
SMC,7,70.0,0.024126401246359563,0.4949691586075529,-0.47084275736119324,0.9336733053837573
