{
  "n_subjects": 70,
  "icc_3_1": 0.625504314248923,
  "pearson_r": 0.6255518290305384,
  "pearson_p": 7.046813005579708e-09,
  "spearman_rho": 0.5905487004463114,
  "spearman_p": 7.402680365984933e-08,
  "bias": -0.928393494649885,
  "rmse": 1.2497096843322733,
  "std_diff": 0.8365762453032262,
  "loa_lower": -2.5680829354442083,
  "loa_upper": 0.7112959461444383,
  "wilcoxon_p": 3.150522835765997e-11,
  "v1_mean": -1.5981197265321736,
  "v2_mean": -0.6697262318822887,
  "v1_std": 0.9606697948661908,
  "v2_std": 0.9725839935646583,
  "agreement_pct": 58.57142857142858,
  "cohens_kappa": 0.04694835680751175
}