{
  "n_subjects": 91,
  "icc_3_1": 0.5189103484109278,
  "pearson_r": 0.5277239722335917,
  "pearson_p": 7.65120148989963e-08,
  "spearman_rho": 0.5409734174794416,
  "spearman_p": 3.0949125763731186e-08,
  "bias": -1988.3518571428567,
  "rmse": 2255.439886209995,
  "std_diff": 1064.643589424887,
  "loa_lower": -4075.0532924156355,
  "loa_upper": 98.34957812992207,
  "wilcoxon_p": 1.2253540303191767e-16,
  "v1_mean": 8522.382285714286,
  "v2_mean": 10510.734142857142,
  "v1_std": 981.6423259653293,
  "v2_std": 1180.007341028679
}