{
  "n_subjects": 88,
  "icc_3_1": 0.5955200835128923,
  "pearson_r": 0.5955509630703604,
  "pearson_p": 9.337834832279924e-10,
  "spearman_rho": 0.5482904476559747,
  "spearman_p": 3.207746595871969e-08,
  "bias": -1601.5922840909088,
  "rmse": 1835.337998748574,
  "std_diff": 896.3078294820843,
  "loa_lower": -3358.355629875794,
  "loa_upper": 155.17106169397653,
  "wilcoxon_p": 4.558181079052184e-16,
  "v1_mean": 8519.056545454545,
  "v2_mean": 10120.648829545455,
  "v1_std": 991.4506809154925,
  "v2_std": 1001.5987818263383
}