{
  "n_subjects": 72,
  "icc_3_1": 0.5292075456569609,
  "pearson_r": 0.5462724102329743,
  "pearson_p": 6.919432290764394e-07,
  "spearman_rho": 0.5566778178075141,
  "spearman_p": 3.8178998448963605e-07,
  "bias": -1.3576565598575603,
  "rmse": 1.72676992615103,
  "std_diff": 1.0670065807366742,
  "loa_lower": -3.4489894581014418,
  "loa_upper": 0.7336763383863212,
  "wilcoxon_p": 3.520801334726321e-13,
  "v1_mean": -1.616153375101254,
  "v2_mean": -0.2584968152436937,
  "v1_std": 0.9535591828862886,
  "v2_std": 1.2284113343378518,
  "agreement_pct": 59.72222222222222,
  "cohens_kappa": 0.10309278350515472
}