"fold","n_train","n_test","MAE","RMSE","Correlation","Z_mean","Z_sd","Pct_within_2SD"
1,1831,458,0.000367,0.000466,0.406,-0.188,1.053,94.5
2,1831,458,0.000338,0.000424,0.514,0.019,0.969,96.5
3,1831,458,0.00035,0.000444,0.511,0.035,1.016,95
4,1831,458,0.000329,0.000421,0.492,-0.001,0.949,96.5
5,1832,457,0.000345,0.00045,0.451,0.14,1.045,93.7
