"test_dataset","n_train","n_test","MAE","RMSE","Correlation"
"ADNI",1771,518,0.00038,0.000493,0.382
"IXI",1859,430,0.000341,0.000422,0.382
"OASIS2",2204,85,0.000412,0.000504,0.394
"OASIS3",1443,846,0.000348,0.000445,0.456
"PPMI",2130,159,0.000326,0.000415,0.503
"SRPBS",2038,251,0.000315,0.000412,0.355
